{"project_info":{
  "project_id":"carryon-1011",
  "project_number":"193784586866",
  "name":"CarryOn"},

  "client":[
    {
      "client_info":{
        "client_id":"android:com.example.tonykwon.carryon",
        "client_type":1,"android_client_info":{
          "package_name":"com.example.tonykwon.carryon"
        }
      },

      "oauth_client":[],
      "services":{"analytics_service":{"status":1},"cloud_messaging_service":{"status":2,"apns_config":[]},"appinvite_service":{"status":1,"other_platform_oauth_client":[]},"google_signin_service":{"status":1},"ads_service":{"status":1}}}],"ARTIFACT_VERSION":"1"}